name,ds,origin_sc,origin_tc,origin_rwc,sliced_sc,sliced_tc,sliced_rwc,sliced_boundes
1,1,46.0,66.03397914237736,48.1381308786394,45.0,66.02524001335387,49.87930992346048,1
1,2,46.0,66.03397914237736,48.1381308786394,44.0,66.03354842681428,49.630079211047914,2
1,3,46.0,66.03397914237736,48.1381308786394,43.0,66.04460044136536,49.91753586704082,3
1,4,46.0,66.03397914237736,48.1381308786394,42.0,66.02870255186824,50.406970413004395,4
1,5,46.0,66.03397914237736,48.1381308786394,41.0,66.02941582670954,50.64145623154346,5
1,6,46.0,66.03397914237736,48.1381308786394,40.0,66.07019443475463,51.896985553737565,7
1,7,46.0,66.03397914237736,48.1381308786394,39.0,66.13321011791186,52.72069379879415,8
1,8,46.0,66.03397914237736,48.1381308786394,38.0,66.18118532371824,53.52146632826526,10
1,9,46.0,66.03397914237736,48.1381308786394,37.0,67.14002416480054,54.09068579157219,12
1,10,46.0,66.03397914237736,48.1381308786394,36.0,67.24058970044081,55.080410179854695,14
2,1,37.0,51.696374610487844,41.38482205689579,36.0,51.38080058656574,42.184554013745334,1
2,2,37.0,51.696374610487844,41.38482205689579,35.0,51.38503573879714,42.29993379413056,2
2,3,37.0,51.696374610487844,41.38482205689579,34.0,51.38832906847127,42.57639824271152,3
2,4,37.0,51.696374610487844,41.38482205689579,33.0,51.40051307515669,42.51268273899301,4
2,5,37.0,51.696374610487844,41.38482205689579,32.0,51.41935842051468,42.72417924742061,5
2,6,37.0,51.696374610487844,41.38482205689579,31.0,51.446575199667436,42.86400426435076,6
2,7,37.0,51.696374610487844,41.38482205689579,30.0,52.152838535637194,43.93892541381538,8
2,8,37.0,51.696374610487844,41.38482205689579,29.0,55.603650986318044,48.08616887513693,13
2,9,37.0,51.696374610487844,41.38482205689579,28.0,56.23386039059836,48.45458420396318,14
2,10,37.0,51.696374610487844,41.38482205689579,27.0,58.127445928137526,51.43306175755757,18
3,1,41.0,60.25122092326308,46.34706838759306,40.0,59.144765683665064,47.82116573655079,2
3,2,41.0,60.25122092326308,46.34706838759306,39.0,60.1865393900569,49.05710860610057,4
3,3,41.0,60.25122092326308,46.34706838759306,38.0,59.27773951192394,48.86873342400198,5
3,4,41.0,60.25122092326308,46.34706838759306,37.0,59.510475101018734,49.97540021848469,7
3,5,41.0,60.25122092326308,46.34706838759306,36.0,56.70366069797245,48.197776232287815,6
3,6,41.0,60.25122092326308,46.34706838759306,35.0,62.8285842236179,52.44052912851944,11
3,7,41.0,60.25122092326308,46.34706838759306,34.0,59.090368788886174,49.55391845121191,9
3,8,41.0,60.25122092326308,46.34706838759306,33.0,59.50204410256491,50.59481309724937,11
3,9,41.0,60.25122092326308,46.34706838759306,32.0,62.29206201248789,53.664229429657745,15
3,10,41.0,60.25122092326308,46.34706838759306,31.0,62.42117622967938,53.84689986959368,16
4,1,33.0,49.6371471606993,36.977233278263476,32.0,50.064707466166126,39.303698327142705,2
4,2,33.0,49.6371471606993,36.977233278263476,31.0,51.06163386510421,40.854420931831704,4
4,3,33.0,49.6371471606993,36.977233278263476,30.0,51.68230768653192,41.99583535160949,6
4,4,33.0,49.6371471606993,36.977233278263476,29.0,53.20840220667186,44.39314589033266,9
4,5,33.0,49.6371471606993,36.977233278263476,28.0,54.102139696497396,45.46600575892739,11
4,6,33.0,49.6371471606993,36.977233278263476,27.0,56.72722013267031,48.74147081431598,15
4,7,33.0,49.6371471606993,36.977233278263476,26.0,57.09686958618922,49.769362019985294,17
4,8,33.0,49.6371471606993,36.977233278263476,25.0,59.77789424362674,52.89265881170495,21
4,9,33.0,49.6371471606993,36.977233278263476,24.0,63.158368597841545,56.82779413490988,26
4,10,33.0,49.6371471606993,36.977233278263476,23.0,65.18456193511034,59.150577148735195,29
5,1,45.0,66.01238289473979,49.87241987639291,44.0,66.0051222519165,50.67614002785563,1
5,2,45.0,66.01238289473979,49.87241987639291,43.0,63.08831729983898,51.590105843858346,3
5,3,45.0,66.01238289473979,49.87241987639291,42.0,62.11136323409445,51.14629077821668,3
5,4,45.0,66.01238289473979,49.87241987639291,41.0,62.31137570906852,50.917496636696185,4
5,5,45.0,66.01238289473979,49.87241987639291,40.0,60.152144675482816,50.99583580051686,5
5,6,45.0,66.01238289473979,49.87241987639291,39.0,63.2087885178695,51.67268045856938,6
5,7,45.0,66.01238289473979,49.87241987639291,38.0,60.189189047330444,50.76652261105072,6
5,8,45.0,66.01238289473979,49.87241987639291,37.0,62.52132093333674,53.63326432109231,10
5,9,45.0,66.01238289473979,49.87241987639291,36.0,62.81370821686504,53.57171757575029,11
5,10,45.0,66.01238289473979,49.87241987639291,35.0,63.64820503124095,54.855222053416135,14
6,1,30.0,44.61409871611639,34.376168646405404,29.0,44.31135398706538,35.409192485239465,1
6,2,30.0,44.61409871611639,34.376168646405404,28.0,44.70238010569194,36.558441647100516,3
6,3,30.0,44.61409871611639,34.376168646405404,27.0,45.92922120840025,37.60734153777883,5
6,4,30.0,44.61409871611639,34.376168646405404,26.0,47.316498414032736,39.05266190396322,7
6,5,30.0,44.61409871611639,34.376168646405404,25.0,49.738275263774526,41.98534853787778,11
6,6,30.0,44.61409871611639,34.376168646405404,24.0,52.566124932547496,45.081479986690596,15
6,7,30.0,44.61409871611639,34.376168646405404,23.0,55.29761875973775,48.32479631162573,19
6,8,30.0,44.61409871611639,34.376168646405404,22.0,58.69339997433993,52.64034396724407,24
6,9,30.0,44.61409871611639,34.376168646405404,21.0,64.62591894941846,58.64575143831541,31
6,10,30.0,44.61409871611639,34.376168646405404,20.0,68.72934520832882,63.6577348792748,37
7,1,38.0,54.259542434503,42.36993467098924,37.0,54.11816887697443,42.86445107587783,1
7,2,38.0,54.259542434503,42.36993467098924,36.0,55.145580832201425,44.446451725798745,3
7,3,38.0,54.259542434503,42.36993467098924,35.0,54.120704651027125,43.266163473825735,3
7,4,38.0,54.259542434503,42.36993467098924,34.0,55.10876034309491,44.35069904112265,5
7,5,38.0,54.259542434503,42.36993467098924,33.0,55.15648885432245,45.631128375524085,7
7,6,38.0,54.259542434503,42.36993467098924,32.0,55.168496344557404,46.068196053164264,8
7,7,38.0,54.259542434503,42.36993467098924,31.0,54.38712241859361,45.31354753742765,9
7,8,38.0,54.259542434503,42.36993467098924,30.0,56.013353637052745,47.92055188582434,12
7,9,38.0,54.259542434503,42.36993467098924,29.0,56.92990304241798,48.89742089375717,14
7,10,38.0,54.259542434503,42.36993467098924,28.0,57.91030627862189,50.07305970880096,16
8,1,37.0,52.49405923392165,41.18055592357492,36.0,52.64617275358922,42.751446445312205,1
8,2,37.0,52.49405923392165,41.18055592357492,35.0,52.638534263685834,43.2186812637252,2
8,3,37.0,52.49405923392165,41.18055592357492,34.0,52.05924295233694,42.68999222518292,2
8,4,37.0,52.49405923392165,41.18055592357492,33.0,52.670683387995986,43.54278288041291,4
8,5,37.0,52.49405923392165,41.18055592357492,32.0,53.85307036468494,45.5454702705454,7
8,6,37.0,52.49405923392165,41.18055592357492,31.0,54.64892242849314,46.59089556475899,9
8,7,37.0,52.49405923392165,41.18055592357492,30.0,55.88016801648099,48.08481023606242,12
8,8,37.0,52.49405923392165,41.18055592357492,29.0,56.47574822876641,48.27757202038603,13
8,9,37.0,52.49405923392165,41.18055592357492,28.0,57.45886777143266,49.15023137263123,15
8,10,37.0,52.49405923392165,41.18055592357492,27.0,62.676421821586956,55.49484292470094,22
9,1,38.0,53.51570282957175,42.1628236821147,37.0,53.5049983032863,43.24040379058343,1
9,2,38.0,53.51570282957175,42.1628236821147,36.0,53.506246315017464,43.3505355854706,2
9,3,38.0,53.51570282957175,42.1628236821147,35.0,53.51386421013753,43.35200410183286,3
9,4,38.0,53.51570282957175,42.1628236821147,34.0,53.514683158090605,43.34968902143911,4
9,5,38.0,53.51570282957175,42.1628236821147,33.0,53.515912926685075,43.57347467644732,5
9,6,38.0,53.51570282957175,42.1628236821147,32.0,54.453938256615466,44.592208255104495,7
9,7,38.0,53.51570282957175,42.1628236821147,31.0,55.46332930023497,45.91384328991173,9
9,8,38.0,53.51570282957175,42.1628236821147,30.0,56.24737934029609,47.96197176471896,12
9,9,38.0,53.51570282957175,42.1628236821147,29.0,57.27625323329471,49.171130029209955,14
9,10,38.0,53.51570282957175,42.1628236821147,28.0,59.35700417366264,51.22706267321561,17
10,1,42.0,57.20014812803207,43.6298076481918,41.0,55.711426655035226,45.55996224225801,1
10,2,42.0,57.20014812803207,43.6298076481918,40.0,56.46997762562037,44.09624208471183,2
10,3,42.0,57.20014812803207,43.6298076481918,39.0,55.8283243090633,45.320381852729085,3
10,4,42.0,57.20014812803207,43.6298076481918,38.0,55.828764158372486,45.863910471620926,4
10,5,42.0,57.20014812803207,43.6298076481918,37.0,56.035204112522095,46.12259659008808,5
10,6,42.0,57.20014812803207,43.6298076481918,36.0,56.62249716423118,46.499118671704046,6
10,7,42.0,57.20014812803207,43.6298076481918,35.0,56.88163808469809,46.83654253383938,7
10,8,42.0,57.20014812803207,43.6298076481918,34.0,57.27966492935385,47.16968482302111,8
10,9,42.0,57.20014812803207,43.6298076481918,33.0,57.33603882505562,47.63659127011798,9
10,10,42.0,57.20014812803207,43.6298076481918,32.0,58.16499849255825,48.61995220518849,11
1,11,46.0,66.03397914237736,48.1381308786394,35.0,67.53797997878021,55.84662238838925,15
1,12,46.0,66.03397914237736,48.1381308786394,34.0,68.4080460813843,57.027700319835084,17
1,13,46.0,66.03397914237736,48.1381308786394,33.0,66.68376612324514,55.39123699335187,17
1,14,46.0,66.03397914237736,48.1381308786394,32.0,68.11626236480458,57.98009528685041,20
1,15,46.0,66.03397914237736,48.1381308786394,31.0,69.73662064033955,60.100529082410375,23
2,11,37.0,51.696374610487844,41.38482205689579,26.0,55.5804522822626,48.9740165268656,16
2,12,37.0,51.696374610487844,41.38482205689579,25.0,65.53887094618935,58.55683485351145,27
2,13,37.0,51.696374610487844,41.38482205689579,24.0,63.51031336066918,57.018587106129644,26
2,14,37.0,51.696374610487844,41.38482205689579,23.0,72.097727208068,65.76166756886553,36
2,15,37.0,51.696374610487844,41.38482205689579,22.0,75.36597275614163,69.90731475139039,41
3,11,41.0,60.25122092326308,46.34706838759306,30.0,63.948680038371556,55.93073657234122,19
3,12,41.0,60.25122092326308,46.34706838759306,29.0,65.19390885042023,57.91993640579346,22
3,13,41.0,60.25122092326308,46.34706838759306,28.0,70.67308884992538,64.00466721526806,29
3,14,41.0,60.25122092326308,46.34706838759306,27.0,72.89460298182486,66.09543305954625,32
3,15,41.0,60.25122092326308,46.34706838759306,26.0,74.25628151817217,67.149255105889,34
4,11,33.0,49.6371471606993,36.977233278263476,22.0,69.32168553415033,64.09342568981725,35
4,12,33.0,49.6371471606993,36.977233278263476,21.0,72.25442298485106,67.05571823836429,39
4,13,33.0,49.6371471606993,36.977233278263476,20.0,79.4873752072136,74.40712059835266,47
4,14,33.0,49.6371471606993,36.977233278263476,19.0,85.31145545308804,80.47117592680283,54
4,15,33.0,49.6371471606993,36.977233278263476,18.0,94.0543544225883,89.58811276196587,64
5,11,45.0,66.01238289473979,49.87241987639291,34.0,66.31685583055281,57.0990122686986,17
5,12,45.0,66.01238289473979,49.87241987639291,33.0,66.70669548648013,57.526714722885096,18
5,13,45.0,66.01238289473979,49.87241987639291,32.0,67.79279818263925,58.54834921821374,20
5,14,45.0,66.01238289473979,49.87241987639291,31.0,68.83098827832012,59.53334436424026,22
5,15,45.0,66.01238289473979,49.87241987639291,30.0,72.77732309517171,64.90071478426333,28
6,11,30.0,44.61409871611639,34.376168646405404,19.0,73.89637209400018,68.86484994828785,43
6,12,30.0,44.61409871611639,34.376168646405404,18.0,77.43769020188125,73.30269267614754,48
6,13,30.0,44.61409871611639,34.376168646405404,17.0,83.31215580248039,79.47787361033147,55
6,14,30.0,44.61409871611639,34.376168646405404,16.0,90.48623873913206,86.67367774914436,63
6,15,30.0,44.61409871611639,34.376168646405404,15.0,96.30675860669568,93.00092136075506,70
7,11,38.0,54.259542434503,42.36993467098924,27.0,59.96484335245614,53.21548197828801,20
7,12,38.0,54.259542434503,42.36993467098924,26.0,60.84954232033445,53.66964105953711,21
7,13,38.0,54.259542434503,42.36993467098924,25.0,62.424923039505984,55.67220880293654,24
7,14,38.0,54.259542434503,42.36993467098924,24.0,66.31139388064253,60.03665945870823,29
7,15,38.0,54.259542434503,42.36993467098924,23.0,68.91254170664257,63.071851584147396,33
8,11,37.0,52.49405923392165,41.18055592357492,26.0,61.77701735060011,55.35411020356011,23
8,12,37.0,52.49405923392165,41.18055592357492,25.0,64.22574289607248,58.65586401070274,27
8,13,37.0,52.49405923392165,41.18055592357492,24.0,66.02672820344758,60.74176585003926,30
8,14,37.0,52.49405923392165,41.18055592357492,23.0,71.21403745705891,65.94396974969678,36
8,15,37.0,52.49405923392165,41.18055592357492,22.0,72.53374046768113,66.94746029581819,38
9,11,38.0,53.51570282957175,42.1628236821147,27.0,62.852572693323054,55.05034710687393,22
9,12,38.0,53.51570282957175,42.1628236821147,26.0,63.880603980224336,56.32285732605478,24
9,13,38.0,53.51570282957175,42.1628236821147,25.0,67.0797371321396,60.64235032291415,29
9,14,38.0,53.51570282957175,42.1628236821147,24.0,71.16476835552427,65.37297468593803,35
9,15,38.0,53.51570282957175,42.1628236821147,23.0,76.67443919510143,70.87756397600674,41
10,11,42.0,57.20014812803207,43.6298076481918,31.0,58.18736218900329,49.44015772155981,13
10,12,42.0,57.20014812803207,43.6298076481918,30.0,61.06419571990181,51.89457095398113,16
10,13,42.0,57.20014812803207,43.6298076481918,29.0,60.06300922746883,50.79230655815252,16
10,14,42.0,57.20014812803207,43.6298076481918,28.0,65.5580378629378,57.340223794910145,23
10,15,42.0,57.20014812803207,43.6298076481918,27.0,64.31000417491822,56.043359235005724,23
